blog/media/cfd645e7d08b-1.png	https://cdn-images-1.medium.com/max/1024/1*S5oy9wyNwr9BLoWTe7s3PA.png
blog/media/cfd645e7d08b-2.png	https://cdn-images-1.medium.com/max/1024/1*Zk-DwLx65MSUXVcBntar8w.png
blog/media/cfd645e7d08b-3.png	https://cdn-images-1.medium.com/max/1024/1*9d-jXGNVBLG5XxHoRh6Hdg.png
blog/media/cfd645e7d08b-4.png	https://cdn-images-1.medium.com/max/1024/1*KpL9FtfK78_cPVKTfMmnew.png
blog/media/cfd645e7d08b-5.png	https://cdn-images-1.medium.com/max/1024/1*Eou-_wp5vfOWfrDLvW9FFg.png
blog/media/cfd645e7d08b-6.png	https://cdn-images-1.medium.com/max/1024/1*wPvLqqDfdJ-HVHEG4mu0yA.png
blog/media/cfd645e7d08b-7.png	https://cdn-images-1.medium.com/max/1024/1*dyGZSr1E10-T-icwvm6CcA.png
blog/media/cfd645e7d08b-8.png	https://cdn-images-1.medium.com/max/1024/1*UV-xI2FgDwpGKltRHH28AQ.png
blog/media/8401bee9e1ce-1.jpeg	https://cdn-images-1.medium.com/max/1024/1*obazGYyxrtbQjVmsWBXqHg.jpeg
blog/media/8401bee9e1ce-2.png	https://cdn-images-1.medium.com/max/1024/1*O1dyJeEwGfxG6ZkjFTAivA.png
blog/media/8401bee9e1ce-3.png	https://cdn-images-1.medium.com/max/1024/1*OFo7UDuYdjsmtavBZ32m3g.png
blog/media/8401bee9e1ce-4.png	https://cdn-images-1.medium.com/max/1024/1*hmXcXkXx5KGU9_SnTy4ljA.png
blog/media/8401bee9e1ce-5.png	https://cdn-images-1.medium.com/max/1024/1*KIRJ2B61sue08La_JuwnJQ.png
blog/media/8401bee9e1ce-6.png	https://cdn-images-1.medium.com/max/1024/1*H77uPsd7K633O3qeJSdGtw.png
blog/media/67d076efff26-1.jpeg	https://cdn-images-1.medium.com/max/1024/1*8chDqosZ2Iqau3xrnHl97w.jpeg
blog/media/67d076efff26-2.png	https://cdn-images-1.medium.com/max/1024/1*7HcP8mdpijnuPCPnStpKfg.png
blog/media/67d076efff26-3.png	https://cdn-images-1.medium.com/max/1024/1*G8fOlJ763xzR0LHlqwaN8Q.png
blog/media/67d076efff26-4.png	https://cdn-images-1.medium.com/max/1024/1*S3dqz_JNu-tuvSb2zjuJXA.png
blog/media/67d076efff26-5.png	https://cdn-images-1.medium.com/max/1024/1*gSU88YqSzY7rxVMNyRnknw.png
blog/media/67d076efff26-6.png	https://cdn-images-1.medium.com/max/1024/1*z5DSapH5e5r9lXZUSL_vzQ.png
blog/media/67d076efff26-7.png	https://cdn-images-1.medium.com/max/1024/1*0zs4Uf5oqtmM9f-MuCwRrQ.png
